Name,Slug,URL
Wise Ant Chemistry for SHS,wise-ant-chemistry-for-shs,https://shopdeeglobalgh.com/product/wise-ant-chemistry-for-shs
Test Product,test-product,https://shopdeeglobalgh.com/product/test-product
Wise Ant Biology for SHS,wise-ant-biology-for-shs,https://shopdeeglobalgh.com/product/wise-ant-biology-for-shs
Wise Ant Additional Maths for SHS 1,wise-ant-additional-maths-for-shs-1,https://shopdeeglobalgh.com/product/wise-ant-additional-maths-for-shs-1
Wise Ant Economics for SHS 1,wise-ant-economics-for-shs-1,https://shopdeeglobalgh.com/product/wise-ant-economics-for-shs-1
Excellence Mathematics Textbook Basic 1,excellence-mathematics-textbook-Basic-1,https://shopdeeglobalgh.com/product/excellence-mathematics-textbook-Basic-1
Excellence Mathematics Textbook Basic 3,excellence-mathematics-textbook-Basic-3,https://shopdeeglobalgh.com/product/excellence-mathematics-textbook-Basic-3
Excellence Mathematics Textbook Basic 2,excellence-mathematics-textbook-Basic-2,https://shopdeeglobalgh.com/product/excellence-mathematics-textbook-Basic-2
Excellence Mathematics Textbook Basic 5,excellence-mathematics-textbook-Basic-5,https://shopdeeglobalgh.com/product/excellence-mathematics-textbook-Basic-5
Excellence Mathematics Textbook Basic 6,excellence-mathematics-textbook-Basic-6,https://shopdeeglobalgh.com/product/excellence-mathematics-textbook-Basic-6
Golden Creative Arts Textbook for KG 2,golden-creative-arts-textbook-for-kg-2,https://shopdeeglobalgh.com/product/golden-creative-arts-textbook-for-kg-2
Golden Creative Arts Textbook for KG 1,golden-creative-arts-textbook-for-kg-1,https://shopdeeglobalgh.com/product/golden-creative-arts-textbook-for-kg-1
Golden English Textbook for Basic 1,golden-english-textbook-for-Basic-1,https://shopdeeglobalgh.com/product/golden-english-textbook-for-Basic-1
Golden English Textbook for Basic 2,golden-english-textbook-for-Basic-2,https://shopdeeglobalgh.com/product/golden-english-textbook-for-Basic-2
Golden English Textbook for Basic 3,golden-english-textbook-for-Basic-3,https://shopdeeglobalgh.com/product/golden-english-textbook-for-Basic-3
Golden English Textbook for Basic 4,golden-english-textbook-for-Basic-4,https://shopdeeglobalgh.com/product/golden-english-textbook-for-Basic-4
Golden English Textbook for Basic 5,golden-english-textbook-for-Basic-5,https://shopdeeglobalgh.com/product/golden-english-textbook-for-Basic-5
Golden English Textbook for Basic 6,golden-english-textbook-for-Basic-6,https://shopdeeglobalgh.com/product/golden-english-textbook-for-Basic-6
Golden English Textbook for KG 1,golden-english-textbook-for-kg-1,https://shopdeeglobalgh.com/product/golden-english-textbook-for-kg-1
Golden English Textbook for KG 2,golden-english-textbook-for-kg-2,https://shopdeeglobalgh.com/product/golden-english-textbook-for-kg-2
Golden English Textbook for Nursery 1,golden-english-textbook-for-nursery-1,https://shopdeeglobalgh.com/product/golden-english-textbook-for-nursery-1
Golden English Textbook for Nursery 2,golden-english-textbook-for-nursery-2,https://shopdeeglobalgh.com/product/golden-english-textbook-for-nursery-2
Golden History Textbook for Basic 1,golden-history-textbook-for-Basic-1,https://shopdeeglobalgh.com/product/golden-history-textbook-for-Basic-1
Golden History Textbook for Basic 2,golden-history-textbook-for-Basic-2,https://shopdeeglobalgh.com/product/golden-history-textbook-for-Basic-2
Golden History Textbook for Basic 3,golden-history-textbook-for-Basic-3,https://shopdeeglobalgh.com/product/golden-history-textbook-for-Basic-3
Golden History Textbook for Basic 4,golden-history-textbook-for-Basic-4,https://shopdeeglobalgh.com/product/golden-history-textbook-for-Basic-4
Golden History Textbook for Basic 5,golden-history-textbook-for-Basic-5,https://shopdeeglobalgh.com/product/golden-history-textbook-for-Basic-5
Golden History Textbook for Basic 6,golden-history-textbook-for-Basic-6,https://shopdeeglobalgh.com/product/golden-history-textbook-for-Basic-6
Golden Mathematics Textbook for Basic 1,golden-mathematics-textbook-for-Basic-1,https://shopdeeglobalgh.com/product/golden-mathematics-textbook-for-Basic-1
Golden Mathematics Textbook for Basic 2,golden-mathematics-textbook-for-Basic-2,https://shopdeeglobalgh.com/product/golden-mathematics-textbook-for-Basic-2
Golden Mathematics Textbook for Basic 3,golden-mathematics-textbook-for-Basic-3,https://shopdeeglobalgh.com/product/golden-mathematics-textbook-for-Basic-3
Golden Mathematics Textbook for Basic 4,golden-mathematics-textbook-for-Basic-4,https://shopdeeglobalgh.com/product/golden-mathematics-textbook-for-Basic-4
Golden Mathematics Textbook for Basic 5,golden-mathematics-textbook-for-Basic-5,https://shopdeeglobalgh.com/product/golden-mathematics-textbook-for-Basic-5
Golden Mathematics Textbook for Basic 6,golden-mathematics-textbook-for-Basic-6,https://shopdeeglobalgh.com/product/golden-mathematics-textbook-for-Basic-6
Golden Mathematics Textbook for KG 1,golden-mathematics-textbook-for-kg-1,https://shopdeeglobalgh.com/product/golden-mathematics-textbook-for-kg-1
Golden Mathematics Textbook for KG 2,golden-mathematics-textbook-for-kg-2,https://shopdeeglobalgh.com/product/golden-mathematics-textbook-for-kg-2
Golden Mathematics Textbook for Nursery 1,golden-mathematics-textbook-for-nursery-1,https://shopdeeglobalgh.com/product/golden-mathematics-textbook-for-nursery-1
Golden Mathematics Textbook for Nursery 2,golden-mathematics-textbook-for-nursery-2,https://shopdeeglobalgh.com/product/golden-mathematics-textbook-for-nursery-2
Golden OWOP Textbook for KG1,golden-owop-textbook-for-kg1,https://shopdeeglobalgh.com/product/golden-owop-textbook-for-kg1
Golden OWOP Textbook for KG2,golden-owop-textbook-for-kg2,https://shopdeeglobalgh.com/product/golden-owop-textbook-for-kg2
Golden RME Textbook for Basic 1,golden-rme-textbook-for-Basic-1,https://shopdeeglobalgh.com/product/golden-rme-textbook-for-Basic-1
Golden RME Textbook for Basic 2,golden-rme-textbook-for-Basic-2,https://shopdeeglobalgh.com/product/golden-rme-textbook-for-Basic-2
Golden RME Textbook for Basic 3,golden-rme-textbook-for-Basic-3,https://shopdeeglobalgh.com/product/golden-rme-textbook-for-Basic-3
Golden RME Textbook for Basic 4,golden-rme-textbook-for-Basic-4,https://shopdeeglobalgh.com/product/golden-rme-textbook-for-Basic-4
Golden RME Textbook for Basic 5,golden-rme-textbook-for-Basic-5,https://shopdeeglobalgh.com/product/golden-rme-textbook-for-Basic-5
Golden RME Textbook for Basic 6,golden-rme-textbook-for-Basic-6,https://shopdeeglobalgh.com/product/golden-rme-textbook-for-Basic-6
Golden Science Textbook for Basic 1,golden-science-textbook-for-Basic-1,https://shopdeeglobalgh.com/product/golden-science-textbook-for-Basic-1
Golden Science Textbook for Basic 2,golden-science-textbook-for-Basic-2,https://shopdeeglobalgh.com/product/golden-science-textbook-for-Basic-2
Golden Science Textbook for Basic 3,golden-science-textbook-for-Basic-3,https://shopdeeglobalgh.com/product/golden-science-textbook-for-Basic-3
Golden Science Textbook for Basic 4,golden-science-textbook-for-Basic-4,https://shopdeeglobalgh.com/product/golden-science-textbook-for-Basic-4
Golden Science Textbook for Basic 5,golden-science-textbook-for-Basic-5,https://shopdeeglobalgh.com/product/golden-science-textbook-for-Basic-5
Golden Science Textbook for JHS,golden-science-textbook-for-jhs,https://shopdeeglobalgh.com/product/golden-science-textbook-for-jhs
A+ Chemistry Questions & Answers for SHS,a-plus-chemistry-questions-and-answers-for-shs,https://shopdeeglobalgh.com/product/a-plus-chemistry-questions-and-answers-for-shs
A+ Economics Questions & Answers for SHS,a-plus-economics-questions-and-answers-for-shs,https://shopdeeglobalgh.com/product/a-plus-economics-questions-and-answers-for-shs
Right Hour Geography for SHS,right-hour-geography-for-shs,https://shopdeeglobalgh.com/product/right-hour-geography-for-shs
Golden Science Textbook for Basic 6,golden-science-textbook-for-Basic-6,https://shopdeeglobalgh.com/product/golden-science-textbook-for-Basic-6
The Beacon Of Light Workbook,the-beacon-of-light-workbook,https://shopdeeglobalgh.com/product/the-beacon-of-light-workbook
Wise Ant English for SHS,wise-ant-english-for-shs,https://shopdeeglobalgh.com/product/wise-ant-english-for-shs
Wise Ant Mathematics for SHS,wise-ant-mathematics-for-shs,https://shopdeeglobalgh.com/product/wise-ant-mathematics-for-shs
Wise Ant General Science for SHS,wise-ant-general-science-for-shs,https://shopdeeglobalgh.com/product/wise-ant-general-science-for-shs
Wise Ant Physics for SHS,wise-ant-physics-for-shs,https://shopdeeglobalgh.com/product/wise-ant-physics-for-shs
Golden English Textbook for JHS,golden-english-textbook-for-jhs,https://shopdeeglobalgh.com/product/golden-english-textbook-for-jhs
Golden Mathematics Textbook for JHS,golden-mathematics-textbook-for-jhs,https://shopdeeglobalgh.com/product/golden-mathematics-textbook-for-jhs
Excellence Mathematics Textbook For JHS,excellence-mathematics-textbook-for-jhs,https://shopdeeglobalgh.com/product/excellence-mathematics-textbook-for-jhs
A+ Core Mathematics Questions & Answers for SHS,a-plus-core-mathematics-questions-and-answers-for-shs,https://shopdeeglobalgh.com/product/a-plus-core-mathematics-questions-and-answers-for-shs
Wise Ant Social for SHS,wise-ant-social-for-shs,https://shopdeeglobalgh.com/product/wise-ant-social-for-shs
A+ History Questions & Answers for SHS,a-plus-history-questions-and-answers-for-shs,https://shopdeeglobalgh.com/product/a-plus-history-questions-and-answers-for-shs
A+ Social Studies Questions & Answers for JHS,a-plus-social-studies-questions-and-answers-for-jhs,https://shopdeeglobalgh.com/product/a-plus-social-studies-questions-and-answers-for-jhs
A+ English Questions & Answers for JHS,a-plus-english-questions-and-answers-for-jhs,https://shopdeeglobalgh.com/product/a-plus-english-questions-and-answers-for-jhs
A+ Integrated Science Questions & Answers for SHS,a-integrated-science-questions-and-answers-for-shs,https://shopdeeglobalgh.com/product/a-integrated-science-questions-and-answers-for-shs
Excellence Mathematics Textbook Basic 4,excellence-mathematics-textbook-Basic-4,https://shopdeeglobalgh.com/product/excellence-mathematics-textbook-Basic-4
Don English Textbook Basic 1,don-english-textbook-basic-1,https://shopdeeglobalgh.com/product/don-english-textbook-basic-1